96.0,01,C08-車輛故障,01.車門開關功能異常
96.0,01,C08-車輛故障,01.車門開關功能異常
96.0,01,C17-其他事件,24.其他外部因素
96.0,01,C11-運轉保安裝置故障,09.道岔功能或訊號異常
96.0,02,C08-車輛故障,06.車載號誌功能異常
96.0,02,B02-側線出軌事故,03.煞車功能或訊號異常
96.0,02,C11-運轉保安裝置故障,09.道岔功能或訊號異常
96.0,03,C12-外物入侵,16.空飄物入侵
96.0,04,C11-運轉保安裝置故障,09.道岔功能或訊號異常
96.0,05,C11-運轉保安裝置故障,09.道岔功能或訊號異常
96.0,05,C08-車輛故障,05.車輛異常聲響
96.0,06,C08-車輛故障,05.車輛異常聲響
96.0,06,C09-路線障礙,20.邊坡滑動
96.0,06,C09-路線障礙,20.邊坡滑動
96.0,06,C11-運轉保安裝置故障,08.號誌系統功能異常
96.0,06,C08-車輛故障,01.車門開關功能異常
96.0,07,C11-運轉保安裝置故障,09.道岔功能或訊號異常
96.0,07,C11-運轉保安裝置故障,09.道岔功能或訊號異常
96.0,08,C08-車輛故障,03.煞車功能或訊號異常
96.0,08,C08-車輛故障,03.煞車功能或訊號異常
96.0,09,C11-運轉保安裝置故障,09.道岔功能或訊號異常
96.0,10,C08-車輛故障,06.車載號誌功能異常
96.0,11,C17-其他事件,12.作業人員疏失
96.0,11,C12-外物入侵,18.其他物品入侵
96.0,11,C12-外物入侵,18.其他物品入侵
97.0,01,C17-其他事件,24.其他外部因素
97.0,01,C08-車輛故障,03.煞車功能或訊號異常
97.0,02,C11-運轉保安裝置故障,09.道岔功能或訊號異常
97.0,02,C11-運轉保安裝置故障,09.道岔功能或訊號異常
97.0,03,C17-其他事件,12.作業人員疏失
97.0,04,C11-運轉保安裝置故障,09.道岔功能或訊號異常
97.0,06,A02-正線出軌事故,12.作業人員疏失
97.0,06,C11-運轉保安裝置故障,09.道岔功能或訊號異常
97.0,07,C11-運轉保安裝置故障,09.道岔功能或訊號異常
97.0,08,C08-車輛故障,01.車門開關功能異常
97.0,09,C15-天然災變,21.颱風或強風
97.0,10,C15-天然災變,19.地震
97.0,11,C12-外物入侵,12.作業人員疏失
97.0,11,A02-正線出軌事故,12.作業人員疏失
97.0,11,C11-運轉保安裝置故障,09.道岔功能或訊號異常
97.0,12,C12-外物入侵,14.民眾闖入
97.0,12,B02-側線出軌事故,12.作業人員疏失
98.0,01,C11-運轉保安裝置故障,09.道岔功能或訊號異常
98.0,01,A01-正線衝撞事故,13.作業程序不適當
98.0,02,C11-運轉保安裝置故障,10.災害告警功能異常
98.0,03,C11-運轉保安裝置故障,09.道岔功能或訊號異常
98.0,06,C11-運轉保安裝置故障,09.道岔功能或訊號異常
98.0,06,C11-運轉保安裝置故障,09.道岔功能或訊號異常
98.0,06,C11-運轉保安裝置故障,09.道岔功能或訊號異常
98.0,07,C11-運轉保安裝置故障,09.道岔功能或訊號異常
98.0,08,C11-運轉保安裝置故障,09.道岔功能或訊號異常
98.0,08,C11-運轉保安裝置故障,09.道岔功能或訊號異常
98.0,08,C10-電力設備故障,11.電力設備異常
98.0,08,C11-運轉保安裝置故障,09.道岔功能或訊號異常
98.0,08,C11-運轉保安裝置故障,09.道岔功能或訊號異常
98.0,10,C12-外物入侵,16.空飄物入侵
98.0,10,C08-車輛故障,03.煞車功能或訊號異常
98.0,10,C15-天然災變,19.地震
98.0,10,C11-運轉保安裝置故障,09.道岔功能或訊號異常
98.0,11,C15-天然災變,19.地震
98.0,11,C08-車輛故障,05.車輛異常聲響
98.0,12,C11-運轉保安裝置故障,09.道岔功能或訊號異常
98.0,12,C15-天然災變,19.地震
99.0,01,C08-車輛故障,03.煞車功能或訊號異常
99.0,03,A02-正線出軌事故,19.地震
99.0,03,C17-其他事件,25.其他
99.0,04,C08-車輛故障,07.其他車輛設備異常
99.0,04,C14-駕駛失能,12.作業人員疏失
99.0,06,C17-其他事件,24.其他外部因素
99.0,06,C08-車輛故障,02.動力設備異常
99.0,06,C08-車輛故障,05.車輛異常聲響
99.0,06,C17-其他事件,12.作業人員疏失
99.0,07,A02-正線出軌事故,12.作業人員疏失
99.0,07,C11-運轉保安裝置故障,09.道岔功能或訊號異常
99.0,07,C11-運轉保安裝置故障,09.道岔功能或訊號異常
99.0,07,C11-運轉保安裝置故障,09.道岔功能或訊號異常
99.0,08,C11-運轉保安裝置故障,09.道岔功能或訊號異常
99.0,08,C17-其他事件,12.作業人員疏失
99.0,08,C11-運轉保安裝置故障,09.道岔功能或訊號異常
99.0,08,C11-運轉保安裝置故障,09.道岔功能或訊號異常
99.0,09,C11-運轉保安裝置故障,09.道岔功能或訊號異常
99.0,10,C08-車輛故障,03.煞車功能或訊號異常
99.0,10,C12-外物入侵,14.民眾闖入
99.0,10,C17-其他事件,25.其他
99.0,10,C11-運轉保安裝置故障,10.災害告警功能異常
99.0,10,C08-車輛故障,05.車輛異常聲響
99.0,10,C11-運轉保安裝置故障,09.道岔功能或訊號異常
99.0,11,C11-運轉保安裝置故障,09.道岔功能或訊號異常
99.0,11,C15-天然災變,19.地震
99.0,11,C10-電力設備故障,11.電力設備異常
99.0,11,C12-外物入侵,18.其他物品入侵
99.0,11,C15-天然災變,19.地震
99.0,11,C12-外物入侵,16.空飄物入侵
99.0,12,C11-運轉保安裝置故障,09.道岔功能或訊號異常
99.0,12,C08-車輛故障,03.煞車功能或訊號異常
100.0,01,C11-運轉保安裝置故障,10.災害告警功能異常
100.0,02,C12-外物入侵,15.動物入侵
100.0,02,C08-車輛故障,07.其他車輛設備異常
100.0,02,C08-車輛故障,03.煞車功能或訊號異常
100.0,02,C11-運轉保安裝置故障,09.道岔功能或訊號異常
100.0,02,C12-外物入侵,14.民眾闖入
100.0,03,C11-運轉保安裝置故障,09.道岔功能或訊號異常
100.0,03,C08-車輛故障,07.其他車輛設備異常
100.0,04,C11-運轉保安裝置故障,09.道岔功能或訊號異常
100.0,04,C12-外物入侵,18.其他物品入侵
100.0,05,C12-外物入侵,14.民眾闖入
100.0,06,C12-外物入侵,15.動物入侵
100.0,07,C08-車輛故障,03.煞車功能或訊號異常
100.0,07,C17-其他事件,12.作業人員疏失
100.0,08,C11-運轉保安裝置故障,09.道岔功能或訊號異常
100.0,09,C17-其他事件,25.其他
100.0,09,C17-其他事件,25.其他
100.0,10,C11-運轉保安裝置故障,09.道岔功能或訊號異常
100.0,0/,C12-外物入侵,15.動物入侵
100.0,10,C12-外物入侵,17.旅客物品掉落軌道
100.0,11,C08-車輛故障,07.其他車輛設備異常
100.0,11,C08-車輛故障,05.車輛異常聲響
100.0,11,C12-外物入侵,15.動物入侵
100.0,12,C08-車輛故障,05.車輛異常聲響
100.0,12,C11-運轉保安裝置故障,08.號誌系統功能異常
101.0,02,C08-車輛故障,01.車門開關功能異常
101.0,02,C11-運轉保安裝置故障,09.道岔功能或訊號異常
101.0,02,C11-運轉保安裝置故障,09.道岔功能或訊號異常
101.0,02,C17-其他事件,12.作業人員疏失
101.0,02,C15-天然災變,19.地震
101.0,03,C08-車輛故障,05.車輛異常聲響
101.0,03,C11-運轉保安裝置故障,10.災害告警功能異常
101.0,03,C12-外物入侵,14.民眾闖入
101.0,03,C08-車輛故障,01.車門開關功能異常
101.0,04,B05-死傷事故,12.作業人員疏失
101.0,04,C15-天然災變,19.地震
101.0,04,C11-運轉保安裝置故障,09.道岔功能或訊號異常
101.0,05,C11-運轉保安裝置故障,09.道岔功能或訊號異常
101.0,05,C11-運轉保安裝置故障,09.道岔功能或訊號異常
101.0,06,C08-車輛故障,05.車輛異常聲響
101.0,06,C08-車輛故障,02.動力設備異常
101.0,06,C12-外物入侵,16.空飄物入侵
101.0,06,C03-冒進號誌,22.豪大雨
101.0,06,C15-天然災變,21.颱風或強風
101.0,07,C11-運轉保安裝置故障,09.道岔功能或訊號異常
101.0,07,C10-電力設備故障,11.電力設備異常
101.0,07,C12-外物入侵,14.民眾闖入
101.0,08,C15-天然災變,21.颱風或強風
101.0,08,C08-車輛故障,07.其他車輛設備異常
101.0,08,C12-外物入侵,14.民眾闖入
101.0,08,C10-電力設備故障,11.電力設備異常
101.0,08,C15-天然災變,21.颱風或強風
101.0,08,C15-天然災變,19.地震
101.0,10,C08-車輛故障,07.其他車輛設備異常
101.0,10,C08-車輛故障,03.煞車功能或訊號異常
101.0,10,C11-運轉保安裝置故障,09.道岔功能或訊號異常
101.0,10,C11-運轉保安裝置故障,08.號誌系統功能異常
101.0,11,C11-運轉保安裝置故障,08.號誌系統功能異常
101.0,11,C08-車輛故障,03.煞車功能或訊號異常
101.0,11,C03-冒進號誌,12.作業人員疏失
102.0,01,C11-運轉保安裝置故障,09.道岔功能或訊號異常
102.0,01,C12-外物入侵,16.空飄物入侵
102.0,02,C11-運轉保安裝置故障,09.道岔功能或訊號異常
102.0,02,C12-外物入侵,17.旅客物品掉落軌道
102.0,03,C15-天然災變,19.地震
102.0,04,C17-其他事件,24.其他外部因素
102.0,04,C11-運轉保安裝置故障,09.道岔功能或訊號異常
102.0,04,C11-運轉保安裝置故障,08.號誌系統功能異常
102.0,05,C17-其他事件,25.其他
102.0,05,C12-外物入侵,15.動物入侵
102.0,06,C15-天然災變,19.地震
102.0,06,C11-運轉保安裝置故障,10.災害告警功能異常
102.0,06,C17-其他事件,12.作業人員疏失
102.0,06,C12-外物入侵,16.空飄物入侵
102.0,06,C12-外物入侵,15.動物入侵
102.0,06,C17-其他事件,12.作業人員疏失
102.0,06,C17-其他事件,24.其他外部因素
102.0,06,C12-外物入侵,17.旅客物品掉落軌道
102.0,07,C15-天然災變,21.颱風或強風
102.0,07,C08-車輛故障,07.其他車輛設備異常
102.0,08,C11-運轉保安裝置故障,09.道岔功能或訊號異常
102.0,08,C10-電力設備故障,11.電力設備異常
102.0,08,C15-天然災變,21.颱風或強風
102.0,08,C11-運轉保安裝置故障,09.道岔功能或訊號異常
102.0,08,C11-運轉保安裝置故障,09.道岔功能或訊號異常
102.0,08,C12-外物入侵,17.旅客物品掉落軌道
102.0,08,C15-天然災變,21.颱風或強風
102.0,10,C12-外物入侵,17.旅客物品掉落軌道
102.0,10,C12-外物入侵,14.民眾闖入
102.0,10,C12-外物入侵,15.動物入侵
102.0,10,C10-電力設備故障,11.電力設備異常
102.0,10,C15-天然災變,19.地震
102.0,11,C10-電力設備故障,11.電力設備異常
102.0,11,C17-其他事件,12.作業人員疏失
102.0,12,C17-其他事件,24.其他外部因素
102.0,12,C17-其他事件,24.其他外部因素
102.0,12,C11-運轉保安裝置故障,09.道岔功能或訊號異常
102.0,12,C08-車輛故障,01.車門開關功能異常
102.0,12,C03-冒進號誌,12.作業人員疏失
102.0,12,C17-其他事件,24.其他外部因素
103.0,01,C08-車輛故障,03.煞車功能或訊號異常
103.0,01,C11-運轉保安裝置故障,09.道岔功能或訊號異常
103.0,01,C08-車輛故障,07.其他車輛設備異常
103.0,01,C12-外物入侵,15.動物入侵
103.0,02,C10-電力設備故障,11.電力設備異常
103.0,02,C08-車輛故障,01.車門開關功能異常
103.0,03,C08-車輛故障,07.其他車輛設備異常
103.0,03,C11-運轉保安裝置故障,09.道岔功能或訊號異常
103.0,03,C17-其他事件,25.其他
103.0,04,C11-運轉保安裝置故障,09.道岔功能或訊號異常
103.0,04,C12-外物入侵,16.空飄物入侵
103.0,04,C08-車輛故障,04.車輛異常振動
103.0,04,C11-運轉保安裝置故障,09.道岔功能或訊號異常
103.0,04,C09-路線障礙,25.其他
103.0,04,C11-運轉保安裝置故障,09.道岔功能或訊號異常
103.0,05,C15-天然災變,22.豪大雨
103.0,05,C11-運轉保安裝置故障,09.道岔功能或訊號異常
103.0,05,C03-冒進號誌,12.作業人員疏失
103.0,06,C17-其他事件,24.其他外部因素
103.0,06,C11-運轉保安裝置故障,09.道岔功能或訊號異常
103.0,06,C08-車輛故障,03.煞車功能或訊號異常
103.0,07,C11-運轉保安裝置故障,08.號誌系統功能異常
103.0,07,C11-運轉保安裝置故障,12.作業人員疏失
103.0,07,C08-車輛故障,03.煞車功能或訊號異常
103.0,07,C11-運轉保安裝置故障,09.道岔功能或訊號異常
103.0,07,C11-運轉保安裝置故障,09.道岔功能或訊號異常
103.0,08,C08-車輛故障,06.車載號誌功能異常
103.0,08,C11-運轉保安裝置故障,09.道岔功能或訊號異常
103.0,08,C11-運轉保安裝置故障,09.道岔功能或訊號異常
103.0,08,C15-天然災變,22.豪大雨
103.0,09,C11-運轉保安裝置故障,08.號誌系統功能異常
103.0,10,C11-運轉保安裝置故障,09.道岔功能或訊號異常
103.0,10,C11-運轉保安裝置故障,08.號誌系統功能異常
103.0,10,C08-車輛故障,02.動力設備異常
103.0,11,C11-運轉保安裝置故障,08.號誌系統功能異常
103.0,12,C11-運轉保安裝置故障,09.道岔功能或訊號異常
103.0,12,C17-其他事件,25.其他
103.0,12,C11-運轉保安裝置故障,09.道岔功能或訊號異常
104.0,01,C11-運轉保安裝置故障,08.號誌系統功能異常
104.0,01,C12-外物入侵,12.作業人員疏失
104.0,01,C12-外物入侵,17.旅客物品掉落軌道
104.0,02,C08-車輛故障,01.車門開關功能異常
104.0,02,C11-運轉保安裝置故障,09.道岔功能或訊號異常
104.0,03,C08-車輛故障,01.車門開關功能異常
104.0,05,C11-運轉保安裝置故障,10.災害告警功能異常
104.0,05,C08-車輛故障,01.車門開關功能異常
104.0,05,C15-天然災變,22.豪大雨
104.0,06,C11-運轉保安裝置故障,09.道岔功能或訊號異常
104.0,06,C08-車輛故障,07.其他車輛設備異常
104.0,07,C17-其他事件,24.其他外部因素
104.0,07,C12-外物入侵,16.空飄物入侵
104.0,08,C11-運轉保安裝置故障,09.道岔功能或訊號異常
104.0,08,C15-天然災變,21.颱風或強風
104.0,08,C08-車輛故障,01.車門開關功能異常
104.0,08,C12-外物入侵,14.民眾闖入
104.0,09,C17-其他事件,12.作業人員疏失
104.0,09,C17-其他事件,12.作業人員疏失
104.0,09,C08-車輛故障,01.車門開關功能異常
104.0,09,C11-運轉保安裝置故障,08.號誌系統功能異常
104.0,09,C15-天然災變,21.颱風或強風
104.0,10,C08-車輛故障,07.其他車輛設備異常
104.0,10,C08-車輛故障,03.煞車功能或訊號異常
104.0,11,C12-外物入侵,14.民眾闖入
104.0,11,C08-車輛故障,01.車門開關功能異常
104.0,12,C11-運轉保安裝置故障,09.道岔功能或訊號異常
104.0,12,C11-運轉保安裝置故障,09.道岔功能或訊號異常
104.0,12,C08-車輛故障,07.其他車輛設備異常
105.0,01,C11-運轉保安裝置故障,09.道岔功能或訊號異常
105.0,02,C15-天然災變,19.地震
105.0,02,C08-車輛故障,06.車載號誌功能異常
105.0,02,C11-運轉保安裝置故障,09.道岔功能或訊號異常
105.0,02,C11-運轉保安裝置故障,10.災害告警功能異常
105.0,02,C11-運轉保安裝置故障,09.道岔功能或訊號異常
105.0,03,C11-運轉保安裝置故障,08.號誌系統功能異常
105.0,3/,C11-運轉保安裝置故障,09.道岔功能或訊號異常
105.0,03,C08-車輛故障,07.其他車輛設備異常
105.0,03,C11-運轉保安裝置故障,09.道岔功能或訊號異常
105.0,04,C11-運轉保安裝置故障,10.災害告警功能異常
105.0,04,C12-外物入侵,16.空飄物入侵
105.0,05,C11-運轉保安裝置故障,09.道岔功能或訊號異常
105.0,05,C11-運轉保安裝置故障,09.道岔功能或訊號異常
105.0,05,C11-運轉保安裝置故障,10.災害告警功能異常
105.0,05,C11-運轉保安裝置故障,09.道岔功能或訊號異常
105.0,05,B01-側線衝撞事故,12.作業人員疏失
105.0,06,C11-運轉保安裝置故障,09.道岔功能或訊號異常
105.0,06,C11-運轉保安裝置故障,09.道岔功能或訊號異常
105.0,06,C10-電力設備故障,10.災害告警功能異常
105.0,06,C11-運轉保安裝置故障,09.道岔功能或訊號異常
105.0,07,C11-運轉保安裝置故障,09.道岔功能或訊號異常
105.0,07,C17-其他事件,12.作業人員疏失
105.0,07,C11-運轉保安裝置故障,09.道岔功能或訊號異常
105.0,07,C08-車輛故障,04.車輛異常振動
105.0,07,C08-車輛故障,03.煞車功能或訊號異常
105.0,07,C11-運轉保安裝置故障,09.道岔功能或訊號異常
105.0,08,C08-車輛故障,06.車載號誌功能異常
105.0,08,C11-運轉保安裝置故障,09.道岔功能或訊號異常
105.0,08,C11-運轉保安裝置故障,09.道岔功能或訊號異常
105.0,08,C03-冒進號誌,12.作業人員疏失
105.0,09,C11-運轉保安裝置故障,09.道岔功能或訊號異常
105.0,09,C11-運轉保安裝置故障,09.道岔功能或訊號異常
105.0,09,C11-運轉保安裝置故障,09.道岔功能或訊號異常
105.0,09,C11-運轉保安裝置故障,09.道岔功能或訊號異常
105.0,09,C15-天然災變,21.颱風或強風
105.0,09,C08-車輛故障,04.車輛異常振動
105.0,09,C15-天然災變,21.颱風或強風
105.0,10,C03-冒進號誌,12.作業人員疏失
105.0,10,C11-運轉保安裝置故障,09.道岔功能或訊號異常
105.0,10,C08-車輛故障,02.動力設備異常
105.0,11,C11-運轉保安裝置故障,09.道岔功能或訊號異常
105.0,11,C11-運轉保安裝置故障,09.道岔功能或訊號異常
105.0,12,C12-外物入侵,17.旅客物品掉落軌道
105.0,12,C11-運轉保安裝置故障,08.號誌系統功能異常
105.0,12,C11-運轉保安裝置故障,09.道岔功能或訊號異常
105.0,12,C12-外物入侵,15.動物入侵
105.0,12,C08-車輛故障,05.車輛異常聲響
106.0,01,C12-外物入侵,14.民眾闖入
106.0,01,C11-運轉保安裝置故障,09.道岔功能或訊號異常
106.0,01,C11-運轉保安裝置故障,09.道岔功能或訊號異常
106.0,01,C11-運轉保安裝置故障,09.道岔功能或訊號異常
106.0,02,C11-運轉保安裝置故障,09.道岔功能或訊號異常
106.0,3/,C11-運轉保安裝置故障,09.道岔功能或訊號異常
106.0,04,C11-運轉保安裝置故障,09.道岔功能或訊號異常
106.0,04,C17-其他事件,12.作業人員疏失
106.0,04,C12-外物入侵,18.其他物品入侵
106.0,04,C12-外物入侵,14.民眾闖入
106.0,04,C08-車輛故障,04.車輛異常振動
106.0,04,C11-運轉保安裝置故障,09.道岔功能或訊號異常
106.0,04,C12-外物入侵,17.旅客物品掉落軌道
106.0,05,C07-號誌處理錯誤,12.作業人員疏失
106.0,05,C12-外物入侵,16.空飄物入侵
106.0,05,C15-天然災變,19.地震
106.0,05,C15-天然災變,19.地震
106.0,06,C11-運轉保安裝置故障,09.道岔功能或訊號異常
106.0,06,C11-運轉保安裝置故障,10.災害告警功能異常
106.0,06,C15-天然災變,22.豪大雨
106.0,07,C11-運轉保安裝置故障,09.道岔功能或訊號異常
106.0,07,C12-外物入侵,15.動物入侵
106.0,07,C15-天然災變,21.颱風或強風
106.0,08,C08-車輛故障,03.煞車功能或訊號異常
106.0,08,C11-運轉保安裝置故障,09.道岔功能或訊號異常
106.0,08,C11-運轉保安裝置故障,09.道岔功能或訊號異常
106.0,08,C11-運轉保安裝置故障,09.道岔功能或訊號異常
106.0,8/,C11-運轉保安裝置故障,09.道岔功能或訊號異常
106.0,09,C15-天然災變,19.地震
106.0,09,C08-車輛故障,01.車門開關功能異常
106.0,09,C11-運轉保安裝置故障,09.道岔功能或訊號異常
106.0,09,C08-車輛故障,07.其他車輛設備異常
106.0,10,C11-運轉保安裝置故障,09.道岔功能或訊號異常
106.0,10,C17-其他事件,12.作業人員疏失
106.0,11,C11-運轉保安裝置故障,09.道岔功能或訊號異常
106.0,11,C08-車輛故障,03.煞車功能或訊號異常
106.0,11,C15-天然災變,19.地震
106.0,12,C12-外物入侵,14.民眾闖入
106.0,12,C08-車輛故障,01.車門開關功能異常
107.0,01,C08-車輛故障,02.動力設備異常
107.0,02,C11-運轉保安裝置故障,09.道岔功能或訊號異常
107.0,02,C12-外物入侵,17.旅客物品掉落軌道
107.0,02,C08-車輛故障,06.車載號誌功能異常
107.0,03,C11-運轉保安裝置故障,09.道岔功能或訊號異常
107.0,03,C11-運轉保安裝置故障,09.道岔功能或訊號異常
107.0,03,C15-天然災變,19.地震
107.0,04,C11-運轉保安裝置故障,08.號誌系統功能異常
107.0,04,C17-其他事件,24.其他外部因素
107.0,05,C11-運轉保安裝置故障,09.道岔功能或訊號異常
107.0,06,C12-外物入侵,16.空飄物入侵
107.0,06,C11-運轉保安裝置故障,09.道岔功能或訊號異常
107.0,06,C10-電力設備故障,11.電力設備異常
107.0,07,C15-天然災變,19.地震
107.0,07,C15-天然災變,19.地震
107.0,08,C11-運轉保安裝置故障,09.道岔功能或訊號異常
107.0,08,C15-天然災變,22.豪大雨
107.0,09,C12-外物入侵,15.動物入侵
107.0,09,C08-車輛故障,02.動力設備異常
107.0,10,C12-外物入侵,17.旅客物品掉落軌道
107.0,11,C11-運轉保安裝置故障,09.道岔功能或訊號異常
107.0,11,C15-天然災變,19.地震
107.0,11,C12-外物入侵,15.動物入侵
107.0,11,C17-其他事件,25.其他
107.0,12,C11-運轉保安裝置故障,08.號誌系統功能異常
107.0,12,C11-運轉保安裝置故障,09.道岔功能或訊號異常
107.0,12,C11-運轉保安裝置故障,09.道岔功能或訊號異常
107.0,12,C09-路線障礙,25.其他
107.0,12,C11-運轉保安裝置故障,09.道岔功能或訊號異常
107.0,12,C12-外物入侵,15.動物入侵
108.0,02,C12-外物入侵,17.旅客物品掉落軌道
108.0,02,C11-運轉保安裝置故障,09.道岔功能或訊號異常
108.0,04,C15-天然災變,19.地震
108.0,05,C15-天然災變,22.豪大雨
108.0,05,C17-其他事件,25.其他
108.0,06,C08-車輛故障,03.煞車功能或訊號異常
108.0,06,C12-外物入侵,15.動物入侵
108.0,07,C10-電力設備故障,11.電力設備異常
108.0,08,C08-車輛故障,03.煞車功能或訊號異常
108.0,08,C15-天然災變,19.地震
108.0,08,C15-天然災變,21.颱風或強風
108.0,08,C11-運轉保安裝置故障,09.道岔功能或訊號異常
108.0,08,C17-其他事件,24.其他外部因素
108.0,08,C11-運轉保安裝置故障,09.道岔功能或訊號異常
108.0,08,C11-運轉保安裝置故障,09.道岔功能或訊號異常
108.0,09,C12-外物入侵,18.其他物品入侵
108.0,09,C12-外物入侵,15.動物入侵
108.0,10,B05-死傷事故,12.作業人員疏失
108.0,12,C08-車輛故障,06.車載號誌功能異常
108.0,12,C12-外物入侵,16.空飄物入侵
108.0,12,C08-車輛故障,06.車載號誌功能異常
109.0,01,C15-天然災變,19.地震
109.0,01,C08-車輛故障,03.煞車功能或訊號異常
109.0,01,C08-車輛故障,06.車載號誌功能異常
109.0,02,C11-運轉保安裝置故障,09.道岔功能或訊號異常
109.0,03,C11-運轉保安裝置故障,09.道岔功能或訊號異常
109.0,04,C17-其他事件,12.作業人員疏失
109.0,05,C08-車輛故障,01.車門開關功能異常
109.0,05,C12-外物入侵,16.空飄物入侵
109.0,06,C11-運轉保安裝置故障,09.道岔功能或訊號異常
109.0,07,C12-外物入侵,17.旅客物品掉落軌道
109.0,08,C12-外物入侵,16.空飄物入侵
109.0,08,C15-天然災變,19.地震
109.0,08,C15-天然災變,19.地震
109.0,08,C11-運轉保安裝置故障,09.道岔功能或訊號異常
109.0,08,C11-運轉保安裝置故障,09.道岔功能或訊號異常
109.0,08,C11-運轉保安裝置故障,09.道岔功能或訊號異常
109.0,09,C10-電力設備故障,11.電力設備異常
109.0,09,C08-車輛故障,07.其他車輛設備異常
109.0,10,C15-天然災變,19.地震
109.0,10,C12-外物入侵,14.民眾闖入
109.0,11,C08-車輛故障,03.煞車功能或訊號異常
109.0,11,B02-側線出軌事故,12.作業人員疏失
109.0,11,C11-運轉保安裝置故障,09.道岔功能或訊號異常
109.0,12,C17-其他事件,24.其他外部因素
109.0,12,C15-天然災變,19.地震
109.0,12,C12-外物入侵,16.空飄物入侵
110.0,02,C03-冒進號誌,12.作業人員疏失
110.0,02,C11-運轉保安裝置故障,08.號誌系統功能異常
110.0,03,C11-運轉保安裝置故障,09.道岔功能或訊號異常
110.0,03,C11-運轉保安裝置故障,10.災害告警功能異常
110.0,04,C11-運轉保安裝置故障,09.道岔功能或訊號異常
110.0,04,C08-車輛故障,02.動力設備異常
110.0,04,C15-天然災變,19.地震
110.0,05,C11-運轉保安裝置故障,09.道岔功能或訊號異常
110.0,06,C12-外物入侵,15.動物入侵
110.0,08,C15-天然災變,20.邊坡滑動
110.0,09,C15-天然災變,19.地震
110.0,09,C11-運轉保安裝置故障,09.道岔功能或訊號異常
110.0,10,C12-外物入侵,14.民眾闖入
110.0,10,C08-車輛故障,07.其他車輛設備異常
110.0,10,C15-天然災變,19.地震
110.0,12,C11-運轉保安裝置故障,09.道岔功能或訊號異常
111.0,01,C11-運轉保安裝置故障,09.道岔功能或訊號異常
111.0,02,C12-外物入侵,14.民眾闖入
111.0,03,C17-其他事件,12.作業人員疏失
111.0,03,C10-電力設備故障,24.其他外部因素
111.0,03,C11-運轉保安裝置故障,09.道岔功能或訊號異常
111.0,03,C11-運轉保安裝置故障,09.道岔功能或訊號異常
111.0,04,C17-其他事件,18.其他物品入侵
111.0,04,C08-車輛故障,02.動力設備異常
111.0,04,C11-運轉保安裝置故障,09.道岔功能或訊號異常
111.0,04,C11-運轉保安裝置故障,09.道岔功能或訊號異常
